Company,Round_Type,Amount_USD,Date,Investors,Source_URLs,Notes
Jumia,IPO / public markets,,2019-04,Rocket Internet (historical); public shareholders,https://technext24.com/reviews/nigeria-tops-funded-african-startups/; https://en.wikipedia.org/wiki/Jumia; https://group.jumia.com,Public company / IPO path; not a private round amount.
OPay,Series C,400000000,2021-08,SoftBank Vision Fund 2; SoftBank Latin America Fund; Sequoia China; Redpoint; IDG (press),https://ln247.news/top-10-most-funded-nigerian-startups-as-of-august-2023/; https://www.linkedin.com/company/opay; https://www.linkedin.com/in/olu-akanmu-88280a; https://urbangeekz.com/2026/08/from-flutterwave-to-moove-meet-the-founders-behind-10-african-unicorns/,Latest disclosed round fields from public sources; may not be complete history.
Flutterwave,Series D,250000000,2022-01,Tiger Global; Avenir; Salesforce Ventures; Visa; Google (historical press),https://www.cbinsights.com/company/flutterwave/financials; https://flutterwave.com; https://www.linkedin.com/in/gbagboola; https://mono.co/blog/flutterwave-mono-acquisition,Latest disclosed round fields from public sources; may not be complete history.
Moove,Series / growth (press cumulative; verify overlap),100000000,2024-03,Undisclosed in this compile for full list; see press roundups,https://ln247.news/top-10-most-funded-nigerian-startups-as-of-august-2023/; https://nairametrics.com/2025/02/25/top-10-nigerian-startups-by-funds-raised-in-2024/; https://urbangeekz.com/2026/08/from-flutterwave-to-moove-meet-the-founders-behind-10-african-unicorns/,Latest disclosed round fields from public sources; may not be complete history.
Moniepoint (TeamApt),Series C,200000000,2025-10,Development Partners International (ADP III); LeapFrog; Lightrock; Google Africa Investment Fund; Visa; IFC; Proparco; Swedfund; Verod; QED; Novastar; BII; FMO; Endeavor Catalyst,https://linkedin.com/company/moniepoint-inc; https://moniepoint.com; https://moniepoint.com/blog/moniepoint-announces-successful-completion-of-usdollar200-million-series-c-round-to-power-financial-inclusion; https://techcrunch.com/2024/10/29/google-dpi-backs-moniepoint-in-110m-round/; https://www.linkedin.com/company/moniepoint-inc,Latest disclosed round fields from public sources; may not be complete history.
Kuda,Series B,55000000,2021-08,Target Global; Valar Ventures (press),https://ln247.news/top-10-most-funded-nigerian-startups-as-of-august-2023/; https://kuda.com; https://www.linkedin.com/in/babsogundeyi,Latest disclosed round fields from public sources; may not be complete history.
Yellow Card,Series C,33000000,2024-10,Blockchain Capital; Polychain; Third Prime; Castle Island; Block; Galaxy; Winklevoss Capital; Hutt Capital,https://nairametrics.com/2025/02/25/top-10-nigerian-startups-by-funds-raised-in-2024/; https://yellowcard.io/blog/yellow-card-closes-us-33m-series-c-funding-round-to-drive-global-expansion-and-strategic-initiatives; https://techcrunch.com/2024/10/16/african-crypto-startup-yellow-card-raises-33m-led-by-blockchain-capital-to-scale-its-b2b-pivot/,Latest disclosed round fields from public sources; may not be complete history.
LemFi,Series B,53000000,2025-01,Highland Europe; Left Lane Capital; Palm Drive Capital; Y Combinator; Endeavor Catalyst,https://nairametrics.com/2025/05/31/nigerias-startups-raised-over-100-million-in-q1-2025-here-are-the-top-10-deals/; https://techcrunch.com/2025/01/13/lemfi-moves-remittances-further-into-asia-and-europe-with-53m-in-new-funding/; https://www.highlandeurope.com/lemfi-has-secured-53m-in-series-b-funding-led-by-highland-europe/,Latest disclosed round fields from public sources; may not be complete history.
Helium Health,Series B-class (press $30M 2023),30000000,2023-06,AXA IM; Anne Wojcicki (press); Y Combinator; Tencent; Gates Foundation (company about page historical),https://linkedin.com/company/heliumhealth; https://techcrunch.com/2023/06/05/helium-health-gets-30m-backed-by-axa-im-and-23andmes-anne-wojcicki/; https://heliumhealth.com/about-us/; https://www.goke.fyi/,Latest disclosed round fields from public sources; may not be complete history.
Reliance Health,Series B,40000000,2022-02,"General Atlantic (lead, press)",https://www.businesswire.com/news/home/20220207005155/en/Reliance-Health-Raises-%2440M-in-Series-B-Led-by-General-Atlantic; https://www.getreliancehealth.com; https://www.linkedin.com/in/femikuti,Latest disclosed round fields from public sources; may not be complete history.
Nomba,Series A/B-class,30000000,2023-05,Base10 Partners; Shopify (press),https://techcrunch.com/2023/05/02/african-payment-service-provider-nomba-raises-30m-backed-by-base10-partners-and-shopify/; https://nomba.com; https://www.linkedin.com/in/yinka-adewale-7b779448,Latest disclosed round fields from public sources; may not be complete history.
Vendease,Series A-class,30000000,2022-09,,https://techcabal.com/2022/09/26/vendease-raises-30-million-to-offer-procurement-services-across-africa/; https://vendease.com/,Latest disclosed round fields from public sources; may not be complete history.
Mono,Acquisition,,2026-01,Flutterwave (acquirer),https://thecondia.com/flutterwave-acquires-mono/; https://mono.co/blog/flutterwave-mono-acquisition; https://nairametrics.com/2026/01/05/flutterwave-acquires-mono-in-deal-valued-at-up-to-40-million/; https://mono.co,Latest disclosed round fields from public sources; may not be complete history.
Raenest,Series A,11000000,2025-02,QED Investors (press),https://nairametrics.com/2025/05/31/nigerias-startups-raised-over-100-million-in-q1-2025-here-are-the-top-10-deals/,Latest disclosed round fields from public sources; may not be complete history.
NowNow,Seed,13000000,2022-09,,https://techcabal.com/2022/09/07/nownow-raises-13-million-in-seed-funding-to-expand-services-across-africa/,Latest disclosed round fields from public sources; may not be complete history.
Paystack,Acquisition,,2020-10,Stripe (acquirer); Y Combinator (historical),https://fintechnews.africa/41180/fintech-nigeria/here-are-the-top-5-fintech-startup-funding-rounds-in-nigeria/; https://paystack.com; https://www.linkedin.com/in/shollsman,Latest disclosed round fields from public sources; may not be complete history.
Mansa,Seed / liquidity,10000000,2025-02,Tether (press for stablecoin settlement angle; verify),https://nairametrics.com/2025/05/31/nigerias-startups-raised-over-100-million-in-q1-2025-here-are-the-top-10-deals/,Latest disclosed round fields from public sources; may not be complete history.
Gokada,Series A,5300000,2019-05,,https://techcrunch.com/2019/05/24/nigerias-gokada-raises-5-3m-round-for-its-motorcycle-ride-hail-biz/,Latest disclosed round fields from public sources; may not be complete history.
Stears,Seed/Series,3300000,,Mac VC; Serena Ventures (press),https://toptechtrends.co/nigerian-data-and-intelligence-company-stears-raises-3-3m-backed-by-mac-vc-and-serena-ventures/; https://www.stears.co,Latest disclosed round fields from public sources; may not be complete history.
Mecho Autotech,Pre-Series A,2400000,2023-09,,https://techcabal.com/2023/09/14/nigerian-startup-mecho-autotech-raises-2-4-million-in-pre-series-a-round/; https://mechoautotech.com/,Latest disclosed round fields from public sources; may not be complete history.
Moniepoint (TeamApt),Series C (first close),110000000,2024-10,Development Partners International; Google Africa Investment Fund; Verod; Lightrock,https://techcrunch.com/2024/10/29/google-dpi-backs-moniepoint-in-110m-round/,First close of Series C; later completed >$200M (Oct 2025).
Helium Health,Growth,30000000,2023-06,AXA IM; Anne Wojcicki (press),https://techcrunch.com/2023/06/05/helium-health-gets-30m-backed-by-axa-im-and-23andmes-anne-wojcicki/,
Nomba,Growth,30000000,2023-05,Base10 Partners; Shopify,https://techcrunch.com/2023/05/02/african-payment-service-provider-nomba-raises-30m-backed-by-base10-partners-and-shopify/,
Vendease,Growth,30000000,2022-09,,https://techcabal.com/2022/09/26/vendease-raises-30-million-to-offer-procurement-services-across-africa/,
