Investor,Type,Focus,Example_Companies,Source_URLs
Y Combinator,Accelerator,Africa / Nigeria tech (as appears in this dataset),Chowdeck; Cowrywise; Duplo; Grey; Helium Health; LemFi; Paystack; Rivy,https://nairametrics.com/2025/05/31/nigerias-startups-raised-over-100-million-in-q1-2025-here-are-the-top-10-deals/; https://techcrunch.com/2025/01/13/lemfi-moves-remittances-further-into-asia-and-europe-with-53m-in-new-funding/; https://www.highlandeurope.com/lemfi-has-secured-53m-in-series-b-funding-led-by-highland-europe/
Anne Wojcicki,Other / Unknown,Africa / Nigeria tech (as appears in this dataset),Helium Health,https://linkedin.com/company/heliumhealth; https://techcrunch.com/2023/06/05/helium-health-gets-30m-backed-by-axa-im-and-23andmes-anne-wojcicki/; https://heliumhealth.com/about-us/; https://www.goke.fyi/
AXA IM,Other / Unknown,Africa / Nigeria tech (as appears in this dataset),Helium Health,https://linkedin.com/company/heliumhealth; https://techcrunch.com/2023/06/05/helium-health-gets-30m-backed-by-axa-im-and-23andmes-anne-wojcicki/; https://heliumhealth.com/about-us/; https://www.goke.fyi/
Base10 Partners,VC/PE,Africa / Nigeria tech (as appears in this dataset),Nomba,https://techcrunch.com/2023/05/02/african-payment-service-provider-nomba-raises-30m-backed-by-base10-partners-and-shopify/; https://nomba.com; https://www.linkedin.com/in/yinka-adewale-7b779448
Development Partners International,VC/PE,Africa / Nigeria tech (as appears in this dataset),Moniepoint (TeamApt),https://linkedin.com/company/moniepoint-inc; https://moniepoint.com; https://moniepoint.com/blog/moniepoint-announces-successful-completion-of-usdollar200-million-series-c-round-to-power-financial-inclusion; https://techcrunch.com/2024/10/29/google-dpi-backs-moniepoint-in-110m-round/; https://www.linkedin.com/company/moniepoint-inc
Endeavor Catalyst,Other / Unknown,Africa / Nigeria tech (as appears in this dataset),LemFi; Moniepoint (TeamApt),https://linkedin.com/company/moniepoint-inc; https://moniepoint.com; https://moniepoint.com/blog/moniepoint-announces-successful-completion-of-usdollar200-million-series-c-round-to-power-financial-inclusion; https://techcrunch.com/2024/10/29/google-dpi-backs-moniepoint-in-110m-round/; https://www.linkedin.com/company/moniepoint-inc
Google Africa Investment Fund,DFI / CVC,Africa / Nigeria tech (as appears in this dataset),Moniepoint (TeamApt),https://linkedin.com/company/moniepoint-inc; https://moniepoint.com; https://moniepoint.com/blog/moniepoint-announces-successful-completion-of-usdollar200-million-series-c-round-to-power-financial-inclusion; https://techcrunch.com/2024/10/29/google-dpi-backs-moniepoint-in-110m-round/; https://www.linkedin.com/company/moniepoint-inc
Lightrock,VC/PE,Africa / Nigeria tech (as appears in this dataset),Moniepoint (TeamApt),https://linkedin.com/company/moniepoint-inc; https://moniepoint.com; https://moniepoint.com/blog/moniepoint-announces-successful-completion-of-usdollar200-million-series-c-round-to-power-financial-inclusion; https://techcrunch.com/2024/10/29/google-dpi-backs-moniepoint-in-110m-round/; https://www.linkedin.com/company/moniepoint-inc
Shopify,CVC / Strategic,Africa / Nigeria tech (as appears in this dataset),Nomba,https://techcrunch.com/2023/05/02/african-payment-service-provider-nomba-raises-30m-backed-by-base10-partners-and-shopify/; https://nomba.com; https://www.linkedin.com/in/yinka-adewale-7b779448
Verod,VC/PE,Africa / Nigeria tech (as appears in this dataset),Moniepoint (TeamApt),https://linkedin.com/company/moniepoint-inc; https://moniepoint.com; https://moniepoint.com/blog/moniepoint-announces-successful-completion-of-usdollar200-million-series-c-round-to-power-financial-inclusion; https://techcrunch.com/2024/10/29/google-dpi-backs-moniepoint-in-110m-round/; https://www.linkedin.com/company/moniepoint-inc
Visa,CVC / Strategic,Africa / Nigeria tech (as appears in this dataset),Flutterwave; Interswitch; Moniepoint (TeamApt),https://www.cbinsights.com/company/flutterwave/financials; https://flutterwave.com; https://www.linkedin.com/in/gbagboola; https://mono.co/blog/flutterwave-mono-acquisition
Avenir,Other / Unknown,Africa / Nigeria tech (as appears in this dataset),Flutterwave,https://www.cbinsights.com/company/flutterwave/financials; https://flutterwave.com; https://www.linkedin.com/in/gbagboola; https://mono.co/blog/flutterwave-mono-acquisition
BII,DFI / CVC,Africa / Nigeria tech (as appears in this dataset),Moniepoint (TeamApt),https://linkedin.com/company/moniepoint-inc; https://moniepoint.com; https://moniepoint.com/blog/moniepoint-announces-successful-completion-of-usdollar200-million-series-c-round-to-power-financial-inclusion; https://techcrunch.com/2024/10/29/google-dpi-backs-moniepoint-in-110m-round/; https://www.linkedin.com/company/moniepoint-inc
Block,Other / Unknown,Africa / Nigeria tech (as appears in this dataset),Yellow Card,https://nairametrics.com/2025/02/25/top-10-nigerian-startups-by-funds-raised-in-2024/; https://yellowcard.io/blog/yellow-card-closes-us-33m-series-c-funding-round-to-drive-global-expansion-and-strategic-initiatives; https://techcrunch.com/2024/10/16/african-crypto-startup-yellow-card-raises-33m-led-by-blockchain-capital-to-scale-its-b2b-pivot/
Blockchain Capital,VC/PE,Africa / Nigeria tech (as appears in this dataset),Yellow Card,https://nairametrics.com/2025/02/25/top-10-nigerian-startups-by-funds-raised-in-2024/; https://yellowcard.io/blog/yellow-card-closes-us-33m-series-c-funding-round-to-drive-global-expansion-and-strategic-initiatives; https://techcrunch.com/2024/10/16/african-crypto-startup-yellow-card-raises-33m-led-by-blockchain-capital-to-scale-its-b2b-pivot/
Castle Island,Other / Unknown,Africa / Nigeria tech (as appears in this dataset),Yellow Card,https://nairametrics.com/2025/02/25/top-10-nigerian-startups-by-funds-raised-in-2024/; https://yellowcard.io/blog/yellow-card-closes-us-33m-series-c-funding-round-to-drive-global-expansion-and-strategic-initiatives; https://techcrunch.com/2024/10/16/african-crypto-startup-yellow-card-raises-33m-led-by-blockchain-capital-to-scale-its-b2b-pivot/
Flutterwave,Other / Unknown,Africa / Nigeria tech (as appears in this dataset),Mono; PiggyVest,https://thecondia.com/flutterwave-acquires-mono/; https://mono.co/blog/flutterwave-mono-acquisition; https://nairametrics.com/2026/01/05/flutterwave-acquires-mono-in-deal-valued-at-up-to-40-million/; https://mono.co
FMO,DFI / CVC,Africa / Nigeria tech (as appears in this dataset),Moniepoint (TeamApt),https://linkedin.com/company/moniepoint-inc; https://moniepoint.com; https://moniepoint.com/blog/moniepoint-announces-successful-completion-of-usdollar200-million-series-c-round-to-power-financial-inclusion; https://techcrunch.com/2024/10/29/google-dpi-backs-moniepoint-in-110m-round/; https://www.linkedin.com/company/moniepoint-inc
Galaxy,Other / Unknown,Africa / Nigeria tech (as appears in this dataset),Yellow Card,https://nairametrics.com/2025/02/25/top-10-nigerian-startups-by-funds-raised-in-2024/; https://yellowcard.io/blog/yellow-card-closes-us-33m-series-c-funding-round-to-drive-global-expansion-and-strategic-initiatives; https://techcrunch.com/2024/10/16/african-crypto-startup-yellow-card-raises-33m-led-by-blockchain-capital-to-scale-its-b2b-pivot/
Gates Foundation,Other / Unknown,Africa / Nigeria tech (as appears in this dataset),Helium Health,https://linkedin.com/company/heliumhealth; https://techcrunch.com/2023/06/05/helium-health-gets-30m-backed-by-axa-im-and-23andmes-anne-wojcicki/; https://heliumhealth.com/about-us/; https://www.goke.fyi/
General Atlantic,VC/PE,Africa / Nigeria tech (as appears in this dataset),Reliance Health,https://www.businesswire.com/news/home/20220207005155/en/Reliance-Health-Raises-%2440M-in-Series-B-Led-by-General-Atlantic; https://www.getreliancehealth.com; https://www.linkedin.com/in/femikuti
Google,Other / Unknown,Africa / Nigeria tech (as appears in this dataset),Flutterwave,https://www.cbinsights.com/company/flutterwave/financials; https://flutterwave.com; https://www.linkedin.com/in/gbagboola; https://mono.co/blog/flutterwave-mono-acquisition
Highland Europe,Other / Unknown,Africa / Nigeria tech (as appears in this dataset),LemFi,https://nairametrics.com/2025/05/31/nigerias-startups-raised-over-100-million-in-q1-2025-here-are-the-top-10-deals/; https://techcrunch.com/2025/01/13/lemfi-moves-remittances-further-into-asia-and-europe-with-53m-in-new-funding/; https://www.highlandeurope.com/lemfi-has-secured-53m-in-series-b-funding-led-by-highland-europe/
Hutt Capital,VC/PE,Africa / Nigeria tech (as appears in this dataset),Yellow Card,https://nairametrics.com/2025/02/25/top-10-nigerian-startups-by-funds-raised-in-2024/; https://yellowcard.io/blog/yellow-card-closes-us-33m-series-c-funding-round-to-drive-global-expansion-and-strategic-initiatives; https://techcrunch.com/2024/10/16/african-crypto-startup-yellow-card-raises-33m-led-by-blockchain-capital-to-scale-its-b2b-pivot/
IDG,Other / Unknown,Africa / Nigeria tech (as appears in this dataset),OPay,https://ln247.news/top-10-most-funded-nigerian-startups-as-of-august-2023/; https://www.linkedin.com/company/opay; https://www.linkedin.com/in/olu-akanmu-88280a; https://urbangeekz.com/2026/08/from-flutterwave-to-moove-meet-the-founders-behind-10-african-unicorns/
IFC,DFI / CVC,Africa / Nigeria tech (as appears in this dataset),Moniepoint (TeamApt),https://linkedin.com/company/moniepoint-inc; https://moniepoint.com; https://moniepoint.com/blog/moniepoint-announces-successful-completion-of-usdollar200-million-series-c-round-to-power-financial-inclusion; https://techcrunch.com/2024/10/29/google-dpi-backs-moniepoint-in-110m-round/; https://www.linkedin.com/company/moniepoint-inc
LeapFrog,VC/PE,Africa / Nigeria tech (as appears in this dataset),Moniepoint (TeamApt),https://linkedin.com/company/moniepoint-inc; https://moniepoint.com; https://moniepoint.com/blog/moniepoint-announces-successful-completion-of-usdollar200-million-series-c-round-to-power-financial-inclusion; https://techcrunch.com/2024/10/29/google-dpi-backs-moniepoint-in-110m-round/; https://www.linkedin.com/company/moniepoint-inc
Left Lane Capital,VC/PE,Africa / Nigeria tech (as appears in this dataset),LemFi,https://nairametrics.com/2025/05/31/nigerias-startups-raised-over-100-million-in-q1-2025-here-are-the-top-10-deals/; https://techcrunch.com/2025/01/13/lemfi-moves-remittances-further-into-asia-and-europe-with-53m-in-new-funding/; https://www.highlandeurope.com/lemfi-has-secured-53m-in-series-b-funding-led-by-highland-europe/
Mac VC,Other / Unknown,Africa / Nigeria tech (as appears in this dataset),Stears,https://toptechtrends.co/nigerian-data-and-intelligence-company-stears-raises-3-3m-backed-by-mac-vc-and-serena-ventures/; https://www.stears.co
Novastar,VC/PE,Africa / Nigeria tech (as appears in this dataset),Moniepoint (TeamApt),https://linkedin.com/company/moniepoint-inc; https://moniepoint.com; https://moniepoint.com/blog/moniepoint-announces-successful-completion-of-usdollar200-million-series-c-round-to-power-financial-inclusion; https://techcrunch.com/2024/10/29/google-dpi-backs-moniepoint-in-110m-round/; https://www.linkedin.com/company/moniepoint-inc
Palm Drive Capital,VC/PE,Africa / Nigeria tech (as appears in this dataset),LemFi,https://nairametrics.com/2025/05/31/nigerias-startups-raised-over-100-million-in-q1-2025-here-are-the-top-10-deals/; https://techcrunch.com/2025/01/13/lemfi-moves-remittances-further-into-asia-and-europe-with-53m-in-new-funding/; https://www.highlandeurope.com/lemfi-has-secured-53m-in-series-b-funding-led-by-highland-europe/
Polychain,Other / Unknown,Africa / Nigeria tech (as appears in this dataset),Yellow Card,https://nairametrics.com/2025/02/25/top-10-nigerian-startups-by-funds-raised-in-2024/; https://yellowcard.io/blog/yellow-card-closes-us-33m-series-c-funding-round-to-drive-global-expansion-and-strategic-initiatives; https://techcrunch.com/2024/10/16/african-crypto-startup-yellow-card-raises-33m-led-by-blockchain-capital-to-scale-its-b2b-pivot/
Proparco,DFI / CVC,Africa / Nigeria tech (as appears in this dataset),Moniepoint (TeamApt),https://linkedin.com/company/moniepoint-inc; https://moniepoint.com; https://moniepoint.com/blog/moniepoint-announces-successful-completion-of-usdollar200-million-series-c-round-to-power-financial-inclusion; https://techcrunch.com/2024/10/29/google-dpi-backs-moniepoint-in-110m-round/; https://www.linkedin.com/company/moniepoint-inc
QED,VC/PE,Africa / Nigeria tech (as appears in this dataset),Moniepoint (TeamApt),https://linkedin.com/company/moniepoint-inc; https://moniepoint.com; https://moniepoint.com/blog/moniepoint-announces-successful-completion-of-usdollar200-million-series-c-round-to-power-financial-inclusion; https://techcrunch.com/2024/10/29/google-dpi-backs-moniepoint-in-110m-round/; https://www.linkedin.com/company/moniepoint-inc
QED Investors,VC/PE,Africa / Nigeria tech (as appears in this dataset),Raenest,https://nairametrics.com/2025/05/31/nigerias-startups-raised-over-100-million-in-q1-2025-here-are-the-top-10-deals/
Redpoint,Other / Unknown,Africa / Nigeria tech (as appears in this dataset),OPay,https://ln247.news/top-10-most-funded-nigerian-startups-as-of-august-2023/; https://www.linkedin.com/company/opay; https://www.linkedin.com/in/olu-akanmu-88280a; https://urbangeekz.com/2026/08/from-flutterwave-to-moove-meet-the-founders-behind-10-african-unicorns/
Rocket Internet,Other / Unknown,Africa / Nigeria tech (as appears in this dataset),Jumia,https://technext24.com/reviews/nigeria-tops-funded-african-startups/; https://en.wikipedia.org/wiki/Jumia; https://group.jumia.com
Salesforce Ventures,VC/PE,Africa / Nigeria tech (as appears in this dataset),Flutterwave,https://www.cbinsights.com/company/flutterwave/financials; https://flutterwave.com; https://www.linkedin.com/in/gbagboola; https://mono.co/blog/flutterwave-mono-acquisition
Sequoia China,VC/PE,Africa / Nigeria tech (as appears in this dataset),OPay,https://ln247.news/top-10-most-funded-nigerian-startups-as-of-august-2023/; https://www.linkedin.com/company/opay; https://www.linkedin.com/in/olu-akanmu-88280a; https://urbangeekz.com/2026/08/from-flutterwave-to-moove-meet-the-founders-behind-10-african-unicorns/
Serena Ventures,VC/PE,Africa / Nigeria tech (as appears in this dataset),Stears,https://toptechtrends.co/nigerian-data-and-intelligence-company-stears-raises-3-3m-backed-by-mac-vc-and-serena-ventures/; https://www.stears.co
SoftBank Latin America Fund,CVC / Strategic,Africa / Nigeria tech (as appears in this dataset),OPay,https://ln247.news/top-10-most-funded-nigerian-startups-as-of-august-2023/; https://www.linkedin.com/company/opay; https://www.linkedin.com/in/olu-akanmu-88280a; https://urbangeekz.com/2026/08/from-flutterwave-to-moove-meet-the-founders-behind-10-african-unicorns/
SoftBank Vision Fund 2,CVC / Strategic,Africa / Nigeria tech (as appears in this dataset),OPay,https://ln247.news/top-10-most-funded-nigerian-startups-as-of-august-2023/; https://www.linkedin.com/company/opay; https://www.linkedin.com/in/olu-akanmu-88280a; https://urbangeekz.com/2026/08/from-flutterwave-to-moove-meet-the-founders-behind-10-african-unicorns/
Stripe,CVC / Strategic,Africa / Nigeria tech (as appears in this dataset),Paystack,https://fintechnews.africa/41180/fintech-nigeria/here-are-the-top-5-fintech-startup-funding-rounds-in-nigeria/; https://paystack.com; https://www.linkedin.com/in/shollsman
Swedfund,DFI / CVC,Africa / Nigeria tech (as appears in this dataset),Moniepoint (TeamApt),https://linkedin.com/company/moniepoint-inc; https://moniepoint.com; https://moniepoint.com/blog/moniepoint-announces-successful-completion-of-usdollar200-million-series-c-round-to-power-financial-inclusion; https://techcrunch.com/2024/10/29/google-dpi-backs-moniepoint-in-110m-round/; https://www.linkedin.com/company/moniepoint-inc
Target Global,Other / Unknown,Africa / Nigeria tech (as appears in this dataset),Kuda,https://ln247.news/top-10-most-funded-nigerian-startups-as-of-august-2023/; https://kuda.com; https://www.linkedin.com/in/babsogundeyi
Tencent,CVC / Strategic,Africa / Nigeria tech (as appears in this dataset),Helium Health,https://linkedin.com/company/heliumhealth; https://techcrunch.com/2023/06/05/helium-health-gets-30m-backed-by-axa-im-and-23andmes-anne-wojcicki/; https://heliumhealth.com/about-us/; https://www.goke.fyi/
Tether (press for stablecoin settlement angle,Other / Unknown,Africa / Nigeria tech (as appears in this dataset),Mansa,https://nairametrics.com/2025/05/31/nigerias-startups-raised-over-100-million-in-q1-2025-here-are-the-top-10-deals/
Third Prime,Other / Unknown,Africa / Nigeria tech (as appears in this dataset),Yellow Card,https://nairametrics.com/2025/02/25/top-10-nigerian-startups-by-funds-raised-in-2024/; https://yellowcard.io/blog/yellow-card-closes-us-33m-series-c-funding-round-to-drive-global-expansion-and-strategic-initiatives; https://techcrunch.com/2024/10/16/african-crypto-startup-yellow-card-raises-33m-led-by-blockchain-capital-to-scale-its-b2b-pivot/
Tiger Global,VC/PE,Africa / Nigeria tech (as appears in this dataset),Flutterwave,https://www.cbinsights.com/company/flutterwave/financials; https://flutterwave.com; https://www.linkedin.com/in/gbagboola; https://mono.co/blog/flutterwave-mono-acquisition
Undisclosed in this compile for full list,Other / Unknown,Africa / Nigeria tech (as appears in this dataset),Moove,https://ln247.news/top-10-most-funded-nigerian-startups-as-of-august-2023/; https://nairametrics.com/2025/02/25/top-10-nigerian-startups-by-funds-raised-in-2024/; https://urbangeekz.com/2026/08/from-flutterwave-to-moove-meet-the-founders-behind-10-african-unicorns/
Valar Ventures,VC/PE,Africa / Nigeria tech (as appears in this dataset),Kuda,https://ln247.news/top-10-most-funded-nigerian-startups-as-of-august-2023/; https://kuda.com; https://www.linkedin.com/in/babsogundeyi
verify),Other / Unknown,Africa / Nigeria tech (as appears in this dataset),Mansa,https://nairametrics.com/2025/05/31/nigerias-startups-raised-over-100-million-in-q1-2025-here-are-the-top-10-deals/
Winklevoss Capital,VC/PE,Africa / Nigeria tech (as appears in this dataset),Yellow Card,https://nairametrics.com/2025/02/25/top-10-nigerian-startups-by-funds-raised-in-2024/; https://yellowcard.io/blog/yellow-card-closes-us-33m-series-c-funding-round-to-drive-global-expansion-and-strategic-initiatives; https://techcrunch.com/2024/10/16/african-crypto-startup-yellow-card-raises-33m-led-by-blockchain-capital-to-scale-its-b2b-pivot/
earlier VC,Other / Unknown,Africa / Nigeria tech (as appears in this dataset),PiggyVest,https://techcabal.com/2024/02/13/flutterwave-invests-in-piggyvest/; https://nigeria.endeavor.org/piggyvest-founders-selected-to-join-endeavors-global-network-of-high-impact-entrepreneurs/
Generation Investment,VC/PE,Africa / Nigeria tech (as appears in this dataset),Andela,https://ln247.news/top-10-most-funded-nigerian-startups-as-of-august-2023/; https://andela.com; https://urbangeekz.com/2026/08/from-flutterwave-to-moove-meet-the-founders-behind-10-african-unicorns/
Helios,Other / Unknown,Africa / Nigeria tech (as appears in this dataset),Interswitch,https://technext24.com/reviews/nigeria-tops-funded-african-startups/; https://www.interswitchgroup.com; https://www.linkedin.com/in/mitchell-elegbe-502aba128; https://www.startuplist.africa/people/mitchell-elegbe
public shareholders,Other / Unknown,Africa / Nigeria tech (as appears in this dataset),Jumia,https://technext24.com/reviews/nigeria-tops-funded-african-startups/; https://en.wikipedia.org/wiki/Jumia; https://group.jumia.com
see press roundups,Other / Unknown,Africa / Nigeria tech (as appears in this dataset),Moove,https://ln247.news/top-10-most-funded-nigerian-startups-as-of-august-2023/; https://nairametrics.com/2025/02/25/top-10-nigerian-startups-by-funds-raised-in-2024/; https://urbangeekz.com/2026/08/from-flutterwave-to-moove-meet-the-founders-behind-10-african-unicorns/
SoftBank Vision Fund,CVC / Strategic,Africa / Nigeria tech (as appears in this dataset),Andela,https://ln247.news/top-10-most-funded-nigerian-startups-as-of-august-2023/; https://andela.com; https://urbangeekz.com/2026/08/from-flutterwave-to-moove-meet-the-founders-behind-10-african-unicorns/
Spark Capital,VC/PE,Africa / Nigeria tech (as appears in this dataset),Andela,https://ln247.news/top-10-most-funded-nigerian-startups-as-of-august-2023/; https://andela.com; https://urbangeekz.com/2026/08/from-flutterwave-to-moove-meet-the-founders-behind-10-african-unicorns/
Transsion-backed,CVC / Strategic,Africa / Nigeria tech (as appears in this dataset),PalmPay,https://linkedin.com/company/palmpay; https://techcrunch.com/2025/06/05/profitable-african-fintech-palmpay-is-in-talks-to-raise-as-much-as-100m/; https://www.linkedin.com/company/palmpay
