Company,Sector,Product_Summary,HQ_or_Primary_Market,Founded_Year,Notes,Last_Verified_Date
Softcom,SaaS,Enterprise digital solutions and platforms.,Lagos,2015,Well-known NG tech firm; public equity totals not confirmed in free roundups used here.,2026-09-25
Printivo,Other Tech,Online custom printing and branding.,Lagos,2014,Bootstrapped / limited public VC disclosure.,2026-09-25
Jobberman,Marketplace,Jobs board and recruitment platform.,Lagos,2009,Early NG tech brand; current disclosed VC total unclear in sources used.,2026-09-25
Hotels.ng,Marketplace,Nigerian hotel booking platform.,Lagos,2013,Notable NG travel tech; funding totals not verified here.,2026-09-25
BuyCoins,Fintech,Crypto brokerage (historical NG crypto brand).,Lagos,2017,Use Yellow Card for disclosed crypto scale; BuyCoins totals not listed separately here.,2026-09-25
VBank / other digital banks,Fintech,Assorted digital banking brands.,Lagos,Unknown,Licence-holding entities; disclosed startup-style equity often opaque.,2026-09-25
Payaza,Fintech,Payment gateway leaning on debt/commercial paper rather than classic VC headlines.,Lagos,Unknown,Notable operator; equity totals not cleanly captured in VC roundups used.,2026-09-25
Flutterwave alumni / smaller PSPs,Fintech,Assorted payment startups.,Lagos,Unknown,Many lack disclosed VC in free sources.,2026-09-25
Andela alumni studios,SaaS,Software studios and products founded by alumni.,Lagos/remote,Unknown,Talent pool notable; individual funding varies.,2026-09-25
KongaPay verticals,Fintech,Payments arm related to Konga ecosystem.,Lagos,Unknown,Often folded into Konga parent funding narrative.,2026-09-25
