Rank,Company,Sector_Primary,Omnific_Hand_Motion,Omnific_Hand_Rationale,JTBD,ICP,Website,Careers_URL,Last_Signal_Date,Possibly_stale,Outreach_One_Liner
20,54gene,Healthtech,Adjacent_tooling,54gene is shut down or wound down per public sources. Do not clone. Mine the category gap for adjacent tooling sold to remaining operators.,"Deliver or finance care with better records, supply, or access.","Providers, patients, employers, or pharma supply actors.",https://www.54gene.com,,2021-09,Yes,"Mapping adjacent tooling around 54gene rather than a lookalike; if a small ops/ML wedge would help, free to send one concrete idea."
22,Wakanow,Other Tech,Sell_to,"Pitch ops automation, ML monitoring, or internal tooling to Wakanow as a vendor (recon, KYC, collections, logistics, support), not a clone.",Buy a tech-enabled service that replaces a manual process.,Enterprises outsourcing a complex service.,https://www.wakanow.com,,,Unknown,"Been ranking Nigeria tech buyers for Omnific Hand and Wakanow is on the shortlist; if a small ML/automation assist for your ops would help, happy to share what we have shipped."
28,iROKOtv,Other Tech,Sell_to,"Pitch ops automation, ML monitoring, or internal tooling to iROKOtv as a vendor (recon, KYC, collections, logistics, support), not a clone.",Buy a tech-enabled service that replaces a manual process.,Enterprises outsourcing a complex service.,https://irokotv.com,,,Unknown,Content platforms like iROKOtv usually need recommendation or localization help more than another player; open to a quick note if that is useful.
29,Beacon Power Services,Other Tech,Sell_to,"Pitch ops automation, ML monitoring, or internal tooling to Beacon Power Services as a vendor (recon, KYC, collections, logistics, support), not a clone.",Buy a tech-enabled service that replaces a manual process.,Enterprises outsourcing a complex service.,https://www.beaconpowerservices.com,,2024-11,Yes,"Been ranking Nigeria tech buyers for Omnific Hand and Beacon Power Services is on the shortlist; if a small ML/automation assist for your ops would help, happy to share what we have shipped."
31,uLesson,Edtech,Partner,"Productized consultancy or white-label ML modules can partner with uLesson on integrations, model ops, or vertical workflows without competing head-on.",Learn or teach curriculum with mobile-first content and assessment.,"Students, parents, or schools.",https://ulesson.com,,,Unknown,"Edtech distribution is the hard part; if uLesson wants learning analytics or content ops automation rather than another app, happy to compare notes."
33,SeamlessHR,SaaS,Partner,"Productized consultancy or white-label ML modules can partner with SeamlessHR on integrations, model ops, or vertical workflows without competing head-on.",Run core back-office workflows in software instead of spreadsheets.,SMEs and mid-market teams with recurring ops pain.,https://seamlesshr.com,,,Unknown,"Building identity/AML ops tooling with Omnific Hand; if SeamlessHR still feels KYC case load by hand, happy to compare notes on what has worked for similar teams."
38,Mono,Fintech,Sell_to,"Mono was acquired (Flutterwave). Prefer selling integration, migration, or ops automation into the combined stack rather than cloning the product.","Move, store, or lend money with less friction and more compliance confidence.","Consumers, SMEs, merchants, or developers needing payment/credit rails.",https://mono.co,,2026-01,No,"Been ranking Nigeria tech buyers for Omnific Hand and Mono is on the shortlist; if a small ML/automation assist for your ops would help, happy to share what we have shipped."
39,Okra,Fintech,Adjacent_tooling,Okra is shut down or wound down per public sources. Do not clone. Mine the category gap for adjacent tooling sold to remaining operators.,"Move, store, or lend money with less friction and more compliance confidence.","Consumers, SMEs, merchants, or developers needing payment/credit rails.",https://okra.ng,,,Unknown,"Mapping adjacent tooling around Okra rather than a lookalike; if a small ops/ML wedge would help, free to send one concrete idea."
46,Paystack,Fintech,Sell_to,"Paystack was acquired (Stripe). Prefer selling integration, migration, or ops automation into the combined stack rather than cloning the product.","Move, store, or lend money with less friction and more compliance confidence.","Consumers, SMEs, merchants, or developers needing payment/credit rails.",https://paystack.com,,2020-10,Yes,"Noticed Paystack sits in a payments-heavy lane; if reconciliation still eats engineer time, I can show how we automate similar flows without a full platform rebuild."
54,Klasha,Fintech,Sell_to,"Pitch ops automation, ML monitoring, or internal tooling to Klasha as a vendor (recon, KYC, collections, logistics, support), not a clone.","Move, store, or lend money with less friction and more compliance confidence.","Consumers, SMEs, merchants, or developers needing payment/credit rails.",https://klasha.com,,,Unknown,"Noticed Klasha sits in a payments-heavy lane; if reconciliation still eats engineer time, I can show how we automate similar flows without a full platform rebuild."
55,Cowrywise,Fintech,Sell_to,"Pitch ops automation, ML monitoring, or internal tooling to Cowrywise as a vendor (recon, KYC, collections, logistics, support), not a clone.","Move, store, or lend money with less friction and more compliance confidence.","Consumers, SMEs, merchants, or developers needing payment/credit rails.",https://cowrywise.com,,,Unknown,"Been ranking Nigeria tech buyers for Omnific Hand and Cowrywise is on the shortlist; if a small ML/automation assist for your ops would help, happy to share what we have shipped."
57,Eden Life,Marketplace,Sell_to,"Pitch ops automation, ML monitoring, or internal tooling to Eden Life as a vendor (recon, KYC, collections, logistics, support), not a clone.",Discover and transact goods/services with trust and logistics support.,Buyers and sellers in a category with thin offline alternatives.,https://www.edenlife.ng,,,Unknown,"Been ranking Nigeria tech buyers for Omnific Hand and Eden Life is on the shortlist; if a small ML/automation assist for your ops would help, happy to share what we have shipped."
58,Seamfix,Other Tech,Partner,"Productized consultancy or white-label ML modules can partner with Seamfix on integrations, model ops, or vertical workflows without competing head-on.",Buy a tech-enabled service that replaces a manual process.,Enterprises outsourcing a complex service.,https://seamfix.com,,,Unknown,"Building identity/AML ops tooling with Omnific Hand; if Seamfix still feels KYC case load by hand, happy to compare notes on what has worked for similar teams."
60,Risevest,Fintech,Sell_to,"Pitch ops automation, ML monitoring, or internal tooling to Risevest as a vendor (recon, KYC, collections, logistics, support), not a clone.","Move, store, or lend money with less friction and more compliance confidence.","Consumers, SMEs, merchants, or developers needing payment/credit rails.",https://risevest.com,,,Unknown,"Been ranking Nigeria tech buyers for Omnific Hand and Risevest is on the shortlist; if a small ML/automation assist for your ops would help, happy to share what we have shipped."
61,PiggyVest,Fintech,Sell_to,"Pitch ops automation, ML monitoring, or internal tooling to PiggyVest as a vendor (recon, KYC, collections, logistics, support), not a clone.","Move, store, or lend money with less friction and more compliance confidence.","Consumers, SMEs, merchants, or developers needing payment/credit rails.",https://www.piggyvest.com,,,Unknown,"Been ranking Nigeria tech buyers for Omnific Hand and PiggyVest is on the shortlist; if a small ML/automation assist for your ops would help, happy to share what we have shipped."
64,Stears,SaaS,Adjacent_tooling,"Category is software-native. Prefer an adjacent wedge (analytics, integrations, niche vertical) over a full clone of Stears.",Run core back-office workflows in software instead of spreadsheets.,SMEs and mid-market teams with recurring ops pain.,https://www.stears.co,,,Unknown,"Mapping adjacent tooling around Stears rather than a lookalike; if a small ops/ML wedge would help, free to send one concrete idea."
65,Winich Farms,Agritech,Sell_to,"Pitch ops automation, ML monitoring, or internal tooling to Winich Farms as a vendor (recon, KYC, collections, logistics, support), not a clone.","Finance, input, offtake, or logistics for smallholder productivity.","Smallholders, aggregators, or agri-lenders.",https://winichfarms.com,,,Unknown,"Been ranking Nigeria tech buyers for Omnific Hand and Winich Farms is on the shortlist; if a small ML/automation assist for your ops would help, happy to share what we have shipped."
67,BFREE,Fintech,Adjacent_tooling,"Build complementary ML or automation (fraud, recon, NLP, underwriting features) that plugs into BFREE rather than replacing their core.","Move, store, or lend money with less friction and more compliance confidence.","Consumers, SMEs, merchants, or developers needing payment/credit rails.",https://bfree.io,,,Unknown,"Saw BFREE's credit/lending angle; if underwriting features or collections monitoring would help, free to send a one-pager of what we have shipped."
68,Juicyway,Fintech,Sell_to,"Pitch ops automation, ML monitoring, or internal tooling to Juicyway as a vendor (recon, KYC, collections, logistics, support), not a clone.","Move, store, or lend money with less friction and more compliance confidence.","Consumers, SMEs, merchants, or developers needing payment/credit rails.",https://www.juicyway.com,,,Unknown,"Been ranking Nigeria tech buyers for Omnific Hand and Juicyway is on the shortlist; if a small ML/automation assist for your ops would help, happy to share what we have shipped."
70,Chowdeck,Logistics,Sell_to,"Pitch ops automation, ML monitoring, or internal tooling to Chowdeck as a vendor (recon, KYC, collections, logistics, support), not a clone.",Move goods or people reliably with visibility and lower empty miles.,"Shippers, fleets, or urban riders/drivers.",https://chowdeck.com,,,Unknown,"Been ranking Nigeria tech buyers for Omnific Hand and Chowdeck is on the shortlist; if a small ML/automation assist for your ops would help, happy to share what we have shipped."
71,Youverify,SaaS,Partner,"Productized consultancy or white-label ML modules can partner with Youverify on integrations, model ops, or vertical workflows without competing head-on.",Run core back-office workflows in software instead of spreadsheets.,SMEs and mid-market teams with recurring ops pain.,https://youverify.co,,,Unknown,"Building identity/AML ops tooling with Omnific Hand; if Youverify still feels KYC case load by hand, happy to compare notes on what has worked for similar teams."
72,Mecho Autotech,Other Tech,Sell_to,"Pitch ops automation, ML monitoring, or internal tooling to Mecho Autotech as a vendor (recon, KYC, collections, logistics, support), not a clone.",Buy a tech-enabled service that replaces a manual process.,Enterprises outsourcing a complex service.,https://mechoautotech.com,,2023-09,Yes,"Been ranking Nigeria tech buyers for Omnific Hand and Mecho Autotech is on the shortlist; if a small ML/automation assist for your ops would help, happy to share what we have shipped."
73,Kredete,Fintech,Sell_to,"Pitch ops automation, ML monitoring, or internal tooling to Kredete as a vendor (recon, KYC, collections, logistics, support), not a clone.","Move, store, or lend money with less friction and more compliance confidence.","Consumers, SMEs, merchants, or developers needing payment/credit rails.",https://kredete.com,,,Unknown,"Saw Kredete's credit/lending angle; if underwriting features or collections monitoring would help, free to send a one-pager of what we have shipped."
74,AMAKA Studio,Other Tech,Sell_to,"For Omnific Hand, the realistic motion is selling tooling into AMAKA Studio's workflow or their customers, not recreating the funded core.",Buy a tech-enabled service that replaces a manual process.,Enterprises outsourcing a complex service.,https://amaka.studio,,,Unknown,"Been ranking Nigeria tech buyers for Omnific Hand and AMAKA Studio is on the shortlist; if a small ML/automation assist for your ops would help, happy to share what we have shipped."
77,Farmcrowdy,Agritech,Sell_to,"Pitch ops automation, ML monitoring, or internal tooling to Farmcrowdy as a vendor (recon, KYC, collections, logistics, support), not a clone.","Finance, input, offtake, or logistics for smallholder productivity.","Smallholders, aggregators, or agri-lenders.",https://www.farmcrowdy.com,,,Unknown,"Been ranking Nigeria tech buyers for Omnific Hand and Farmcrowdy is on the shortlist; if a small ML/automation assist for your ops would help, happy to share what we have shipped."
80,Brass,Fintech,Sell_to,"Brass was acquired (Paystack-led consortium (Piggytech; Ventures Platform; P1 Ventures)). Prefer selling integration, migration, or ops automation into the combined stack rather than cloning the product.","Move, store, or lend money with less friction and more compliance confidence.","Consumers, SMEs, merchants, or developers needing payment/credit rails.",https://www.trybrass.com,,,Unknown,"Been ranking Nigeria tech buyers for Omnific Hand and Brass is on the shortlist; if a small ML/automation assist for your ops would help, happy to share what we have shipped."
81,Billboxx,SaaS,Adjacent_tooling,"Category is software-native. Prefer an adjacent wedge (analytics, integrations, niche vertical) over a full clone of Billboxx.",Run core back-office workflows in software instead of spreadsheets.,SMEs and mid-market teams with recurring ops pain.,https://billboxx.com,,,Unknown,"Mapping adjacent tooling around Billboxx rather than a lookalike; if a small ops/ML wedge would help, free to send one concrete idea."
82,Intron Health,Healthtech,Partner,"Productized consultancy or white-label ML modules can partner with Intron Health on integrations, model ops, or vertical workflows without competing head-on.","Deliver or finance care with better records, supply, or access.","Providers, patients, employers, or pharma supply actors.",https://www.intron.health,,,Unknown,"Your clinical speech work is hard to copy; if model eval, accent data ops, or deploy monitoring needs an external pair of hands, happy to chat."
83,Accrue,Fintech,Sell_to,"Pitch ops automation, ML monitoring, or internal tooling to Accrue as a vendor (recon, KYC, collections, logistics, support), not a clone.","Move, store, or lend money with less friction and more compliance confidence.","Consumers, SMEs, merchants, or developers needing payment/credit rails.",https://accrue.finance,,,Unknown,"Been ranking Nigeria tech buyers for Omnific Hand and Accrue is on the shortlist; if a small ML/automation assist for your ops would help, happy to share what we have shipped."
84,Vendy,Marketplace,Sell_to,"Pitch ops automation, ML monitoring, or internal tooling to Vendy as a vendor (recon, KYC, collections, logistics, support), not a clone.",Discover and transact goods/services with trust and logistics support.,Buyers and sellers in a category with thin offline alternatives.,https://myvendy.com,,,Unknown,"Been ranking Nigeria tech buyers for Omnific Hand and Vendy is on the shortlist; if a small ML/automation assist for your ops would help, happy to share what we have shipped."
85,Payday,Fintech,Sell_to,"Pitch ops automation, ML monitoring, or internal tooling to Payday as a vendor (recon, KYC, collections, logistics, support), not a clone.","Move, store, or lend money with less friction and more compliance confidence.","Consumers, SMEs, merchants, or developers needing payment/credit rails.",https://www.usepayday.com,,,Unknown,"Been ranking Nigeria tech buyers for Omnific Hand and Payday is on the shortlist; if a small ML/automation assist for your ops would help, happy to share what we have shipped."
86,Startbutton Africa,Fintech,Sell_to,"Pitch ops automation, ML monitoring, or internal tooling to Startbutton Africa as a vendor (recon, KYC, collections, logistics, support), not a clone.","Move, store, or lend money with less friction and more compliance confidence.","Consumers, SMEs, merchants, or developers needing payment/credit rails.",https://www.startbutton.africa,,,Unknown,"Been ranking Nigeria tech buyers for Omnific Hand and Startbutton Africa is on the shortlist; if a small ML/automation assist for your ops would help, happy to share what we have shipped."
88,Talstack,Edtech,Partner,"Productized consultancy or white-label ML modules can partner with Talstack on integrations, model ops, or vertical workflows without competing head-on.",Learn or teach curriculum with mobile-first content and assessment.,"Students, parents, or schools.",https://www.talstack.com,,,Unknown,"HR/payroll SaaS often needs quieter automation than a new product; if Talstack wants ML assists on workflows, happy to share what we have done for UK ops teams."
89,Agriarche,Agritech,Sell_to,"Pitch ops automation, ML monitoring, or internal tooling to Agriarche as a vendor (recon, KYC, collections, logistics, support), not a clone.","Finance, input, offtake, or logistics for smallholder productivity.","Smallholders, aggregators, or agri-lenders.",https://agriarche.com,,,Unknown,"Been ranking Nigeria tech buyers for Omnific Hand and Agriarche is on the shortlist; if a small ML/automation assist for your ops would help, happy to share what we have shipped."
90,Grey,Fintech,Sell_to,"Pitch ops automation, ML monitoring, or internal tooling to Grey as a vendor (recon, KYC, collections, logistics, support), not a clone.","Move, store, or lend money with less friction and more compliance confidence.","Consumers, SMEs, merchants, or developers needing payment/credit rails.",https://grey.co,,,Unknown,"Been ranking Nigeria tech buyers for Omnific Hand and Grey is on the shortlist; if a small ML/automation assist for your ops would help, happy to share what we have shipped."
91,Bundle Africa,Fintech,Adjacent_tooling,Bundle Africa is shut down or wound down per public sources. Do not clone. Mine the category gap for adjacent tooling sold to remaining operators.,"Move, store, or lend money with less friction and more compliance confidence.","Consumers, SMEs, merchants, or developers needing payment/credit rails.",https://bundle.africa,,,Unknown,"Mapping adjacent tooling around Bundle Africa rather than a lookalike; if a small ops/ML wedge would help, free to send one concrete idea."
92,Crop2Cash,Agritech,Sell_to,"Pitch ops automation, ML monitoring, or internal tooling to Crop2Cash as a vendor (recon, KYC, collections, logistics, support), not a clone.","Finance, input, offtake, or logistics for smallholder productivity.","Smallholders, aggregators, or agri-lenders.",https://crop2cash.com.ng,,,Unknown,"Building identity/AML ops tooling with Omnific Hand; if Crop2Cash still feels KYC case load by hand, happy to compare notes on what has worked for similar teams."
93,Carbin Africa,Marketplace,Sell_to,"Pitch ops automation, ML monitoring, or internal tooling to Carbin Africa as a vendor (recon, KYC, collections, logistics, support), not a clone.",Discover and transact goods/services with trust and logistics support.,Buyers and sellers in a category with thin offline alternatives.,https://carbin.africa,,,Unknown,"Been ranking Nigeria tech buyers for Omnific Hand and Carbin Africa is on the shortlist; if a small ML/automation assist for your ops would help, happy to share what we have shipped."
94,Earthbond,Other Tech,Sell_to,"Pitch ops automation, ML monitoring, or internal tooling to Earthbond as a vendor (recon, KYC, collections, logistics, support), not a clone.",Buy a tech-enabled service that replaces a manual process.,Enterprises outsourcing a complex service.,https://www.earthbond.co,,,Unknown,"Been ranking Nigeria tech buyers for Omnific Hand and Earthbond is on the shortlist; if a small ML/automation assist for your ops would help, happy to share what we have shipped."
95,Mira,Fintech,Sell_to,"Pitch ops automation, ML monitoring, or internal tooling to Mira as a vendor (recon, KYC, collections, logistics, support), not a clone.","Move, store, or lend money with less friction and more compliance confidence.","Consumers, SMEs, merchants, or developers needing payment/credit rails.",https://usemira.com,,,Unknown,"Been ranking Nigeria tech buyers for Omnific Hand and Mira is on the shortlist; if a small ML/automation assist for your ops would help, happy to share what we have shipped."
96,Zebra CropBank,Agritech,Sell_to,"Pitch ops automation, ML monitoring, or internal tooling to Zebra CropBank as a vendor (recon, KYC, collections, logistics, support), not a clone.","Finance, input, offtake, or logistics for smallholder productivity.","Smallholders, aggregators, or agri-lenders.",https://zebracropbank.com,,,Unknown,"Been ranking Nigeria tech buyers for Omnific Hand and Zebra CropBank is on the shortlist; if a small ML/automation assist for your ops would help, happy to share what we have shipped."
97,Pullus Africa,Agritech,Sell_to,"Pitch ops automation, ML monitoring, or internal tooling to Pullus Africa as a vendor (recon, KYC, collections, logistics, support), not a clone.","Finance, input, offtake, or logistics for smallholder productivity.","Smallholders, aggregators, or agri-lenders.",https://pullus.africa,,,Unknown,"Saw Pullus Africa's credit/lending angle; if underwriting features or collections monitoring would help, free to send a one-pager of what we have shipped."
98,Fincra,Fintech,Sell_to,"Pitch ops automation, ML monitoring, or internal tooling to Fincra as a vendor (recon, KYC, collections, logistics, support), not a clone.","Move, store, or lend money with less friction and more compliance confidence.","Consumers, SMEs, merchants, or developers needing payment/credit rails.",https://fincra.com,,,Unknown,"Noticed Fincra sits in a payments-heavy lane; if reconciliation still eats engineer time, I can show how we automate similar flows without a full platform rebuild."
